<?xml version="1.0" encoding="utf-8" ?>
<manifest>
  <control namespace="Coke.D365" constructor="CustomLookup" version="1.0.0" display-name-key="CustomLookup" description-key="Custom UI control for Lookups" control-type="standard">
    
    <!-- property node identifies a specific, configurable piece of data that the control expects from CDS -->
    <property name="DummyLookupField" display-name-key="DummyLookupField" description-key="DummyLookupField" of-type="SingleLine.Text" usage="bound" required="true" />
    <property name="configWRUrl" display-name-key="WebResource URL" description-key="Provide web resource URL containing the JSON config." of-type="SingleLine.Text" usage="input" required="true" />
    
    <resources>
      <code path="index.ts" order="1"/>
      <!-- UNCOMMENT TO ADD MORE RESOURCES
      <css path="css/CustomLookup.css" order="1" />
      <resx path="strings/CustomLookup.1033.resx" version="1.0.0" />
      -->
    </resources>
    
    <feature-usage>
      <uses-feature name="Utility" required="true" />
      <uses-feature name="WebAPI" required="true" />
    </feature-usage>
    
  </control>
</manifest>